AddressID,AddressLine1,AddressLine2,City,StateProvinceID,PostalCode
1,1970 Napa Ct.,,Bothell,79,98011
2,9833 Mt. Dias Blv.,,Bothell,79,98011
3,7484 Roundtree Drive,,Bothell,79,98011
4,9539 Glenside Dr,,Bothell,79,98011
5,1226 Shoe St.,,Bothell,79,98011
6,1399 Firestone Drive,,Bothell,79,98011
7,5672 Hale Dr.,,Bothell,79,98011
8,6387 Scenic Avenue,,Bothell,79,98011
9,8713 Yosemite Ct.,,Bothell,79,98011
10,250 Race Court,,Bothell,79,98011
11,1318 Lasalle Street,,Bothell,79,98011
12,5415 San Gabriel Dr.,,Bothell,79,98011
13,9265 La Paz,,Bothell,79,98011
14,8157 W. Book,,Bothell,79,98011
15,4912 La Vuelta,,Bothell,79,98011
16,40 Ellis St.,,Bothell,79,98011
17,6696 Anchor Drive,,Bothell,79,98011
18,1873 Lion Circle,,Bothell,79,98011
19,3148 Rose Street,,Bothell,79,98011
20,6872 Thornwood Dr.,,Bothell,79,98011
21,5747 Shirley Drive,,Bothell,79,98011
22,636 Vine Hill Way,,Portland,58,97205
23,6657 Sand Pointe Lane,,Seattle,79,98104
24,80 Sunview Terrace,,Duluth,36,55802
25,9178 Jumping St.,,Dallas,73,75201
26,5725 Glaze Drive,,San Francisco,9,94109
27,2487 Riverside Drive,,Nevada,74,84407
28,9228 Via Del Sol,,Phoenix,6,85004
29,8291 Crossbow Way,,Memphis,72,38103
30,9707 Coldwater Drive,,Orlando,15,32804
31,9100 Sheppard Avenue North,,Ottawa,57,K4B 1T7
32,26910 Indela Road,,Montreal,63,H1Y 2H5
33,10203 Acorn Avenue,,Calgary,1,T2P 2G8
34,"94, rue Descartes",,Bordeaux,119,33000
35,Pascalstr 951,,Berlin,20,14111
36,34 Waterloo Road,,Melbourne,77,3000
37,Downshire Way,,Cambridge,14,BA5 3HX
38,8154 Via Mexico,,Detroit,35,48226
39,3997 Via De Luna,,Cambridge,30,02139
40,1902 Santa Cruz,,Bothell,79,98011
41,793 Crawford Street,,Kenmore,79,98028
42,463 H Stagecoach Rd.,,Kenmore,79,98028
43,5203 Virginia Lane,,Kenmore,79,98028
44,4095 Cooper Dr.,,Kenmore,79,98028
45,6697 Ridge Park Drive,,Kenmore,79,98028
46,5669 Ironwood Way,,Kenmore,79,98028
47,8192 Seagull Court,,Kenmore,79,98028
48,5553 Cash Avenue,,Kenmore,79,98028
49,7048 Laurel,,Kenmore,79,98028
50,25 95th Ave NE,,Kenmore,79,98028
51,3280 Pheasant Circle,,Snohomish,79,98296
52,4231 Spar Court,,Snohomish,79,98296
53,1285 Greenbrier Street,,Snohomish,79,98296
54,5724 Victory Lane,,Snohomish,79,98296
55,591 Merriewood Drive,,Snohomish,79,98296
56,3114 Notre Dame Ave.,,Snohomish,79,98296
57,7230 Vine Maple Street,,Snohomish,79,98296
58,2601 Cambridge Drive,,Snohomish,79,98296
59,2115 Passing,,Snohomish,79,98296
60,4852 Chaparral Court,,Snohomish,79,98296
61,7726 Driftwood Drive,,Monroe,79,98272
62,3841 Silver Oaks Place,,Monroe,79,98272
63,9652 Los Angeles,,Monroe,79,98272
64,4566 La Jolla,,Monroe,79,98272
65,1356 Grove Way,,Monroe,79,98272
66,4775 Kentucky Dr.,Unit E,Monroe,79,98272
67,4734 Sycamore Court,,Monroe,79,98272
68,896 Southdale,,Monroe,79,98272
69,2275 Valley Blvd.,,Monroe,79,98272
70,1792 Belmont Rd.,,Monroe,79,98272
71,5734 Ashford Court,,Monroe,79,98272
72,5030 Blue Ridge Dr.,,Monroe,79,98272
73,158 Walnut Ave,,Monroe,79,98272
74,8310 Ridge Circle,,Monroe,79,98272
75,3747 W. Landing Avenue,,Monroe,79,98272
76,2598 La Vista Circle,,Duvall,79,98019
77,9693 Mellowood Street,,Duvall,79,98019
78,1825 Corte Del Prado,,Duvall,79,98019
79,5086 Nottingham Place,,Duvall,79,98019
80,3977 Central Avenue,,Duvall,79,98019
81,8209 Green View Court,,Duvall,79,98019
82,8463 Vista Avenue,,Duvall,79,98019
83,5379 Treasure Island Way,# 14,Duvall,79,98019
84,3421 Bouncing Road,,Duvall,79,98019
85,991 Vista Verde,,Duvall,79,98019
86,390 Ridgewood Ct.,,Carnation,79,98014
87,1411 Ranch Drive,,Carnation,79,98014
88,9666 Northridge Ct.,,Carnation,79,98014
89,3074 Arbor Drive,,Carnation,79,98014
90,9752 Jeanne Circle,,Carnation,79,98014
91,7166 Brock Lane,,Seattle,79,98104
92,7126 Ending Ct.,,Seattle,79,98104
93,4598 Manila Avenue,,Seattle,79,98104
94,5666 Hazelnut Lane,,Seattle,79,98104
95,1220 Bradford Way,,Seattle,79,98104
96,5375 Clearland Circle,,Seattle,79,98104
97,2639 Anchor Court,,Seattle,79,98104
98,502 Alexander Pl.,,Seattle,79,98104
99,5802 Ampersand Drive,,Seattle,79,98104
100,5125 Cotton Ct.,,Seattle,79,98104
101,3243 Buckingham Dr.,# 207,Seattle,79,98104
102,3029 Pastime Dr,# 2,Seattle,79,98104
103,9537 Ridgewood Drive,,Seattle,79,98104
104,9964 North Ridge Drive,,Seattle,79,98104
105,1619 Stillman Court,,Seattle,79,98104
106,2144 San Rafael,,Seattle,79,98104
107,7403 N. Broadway,,Seattle,79,98104
108,7842 Ygnacio Valley Road,,Seattle,79,98104
109,874 Olivera Road,,Seattle,79,98104
110,1064 Slow Creek Road,,Seattle,79,98104
111,77 Birchwood,,Seattle,79,98104
112,7765 Sunsine Drive,,Seattle,79,98104
113,1102 Ravenwood,,Seattle,79,98104
114,1398 Yorba Linda,,Seattle,79,98104
115,4948 West 4th St,,Seattle,79,98104
116,8290 Margaret Ct.,,Seattle,79,98104
117,426 San Rafael,,Seattle,79,98104
118,136 Balboa Court,,Seattle,79,98104
119,7439 Laguna Niguel,,Seattle,79,98104
120,6498 Mining Rd.,,Seattle,79,98104
121,6578 Woodhaven Ln.,,Seattle,79,98104
122,2354 Frame Ln.,,Seattle,79,98104
123,6843 San Simeon Dr.,,Seattle,79,98104
124,7616 Honey Court,,Seattle,79,98104
125,931 Corte De Luna,,Seattle,79,98104
126,7594 Alexander Pl.,,Seattle,79,98104
127,7127 Los Gatos Court,,Seattle,79,98104
128,8656 Lakespring Place,,Seattle,79,98104
129,5025 Holiday Hills,,Seattle,79,98104
130,5376 Catanzaro Way,,Seattle,79,98104
131,504 O St.,,Edmonds,79,98020
132,6870 D Bel Air Drive,,Edmonds,79,98020
133,8152 Claudia Dr.,,Edmonds,79,98020
134,6057 Hill Street,,Edmonds,79,98020
135,2812 Mazatlan,,Edmonds,79,98020
136,172 Turning Dr.,,Edmonds,79,98020
137,9784 Mt Etna Drive,,Edmonds,79,98020
138,2059 Clay Rd,,Edmonds,79,98020
139,2687 Ridge Road,,Edmonds,79,98020
140,371 Apple Dr.,,Edmonds,79,98020
141,3281 Hillview Dr.,,Edmonds,79,98020
142,2080 Sycamore Drive,,Edmonds,79,98020
143,7511 Cooper Dr.,,Edmonds,79,98020
144,9825 Coralie Drive,,Edmonds,79,98020
145,8411 Mt. Orange Place,,Edmonds,79,98020
146,207 Berry Court,,Edmonds,79,98020
147,1061 Buskrik Avenue,,Edmonds,79,98020
148,3632 Bank Way,,Edmonds,79,98020
149,3026 Anchor Drive,,Edmonds,79,98020
150,7338 Green St.,,Edmonds,79,98020
151,2038 Encino Drive,,Edmonds,79,98020
152,2466 Clearland Circle,,Edmonds,79,98020
153,9277 Country View Lane,,Edmonds,79,98020
154,5423 Champion Rd.,,Edmonds,79,98020
155,2046 Las Palmas,,Edmonds,79,98020
156,8684 Military East,,Bellevue,79,98004
157,7270 Pepper Way,,Bellevue,79,98004
158,6058 Hill Street,# 4,Bellevue,79,98004
159,1648 Eastgate Lane,,Bellevue,79,98004
160,3454 Bel Air Drive,,Bellevue,79,98004
161,3067 Maya,,Bellevue,79,98004
162,3197 Thornhill Place,,Bellevue,79,98004
163,3919 Pinto Road,,Bellevue,79,98004
164,7396 Stratton Circle,,Bellevue,79,98004
165,9745 Bonita Ct.,,Bellevue,79,98004
166,3670 All Ways Drive,,Bellevue,79,98004
167,7221 Peachwillow Street,,Bellevue,79,98004
168,1343 Prospect St,,Bellevue,79,98004
169,6448 Castle Court,,Bellevue,79,98004
170,7902 Grammercy Lane,Unit A,Bellevue,79,98004
171,8668 Via Neruda,,Bellevue,79,98004
172,4777 Rockne Drive,,Bellevue,79,98004
173,620 Woodside Ct.,,Bellevue,79,98004
174,6307 Greenbelt Way,,Bellevue,79,98004
175,3284 S. Blank Avenue,,Bellevue,79,98004
176,8751 Norse Drive,,Bellevue,79,98004
177,6968 Wren Ave.,,Bellevue,79,98004
178,4311 Clay Rd,,Bellevue,79,98004
179,771 Northridge Drive,# 495,Bellevue,79,98004
180,2947 Vine Lane,,Bellevue,79,98004
181,9320 Teakwood Dr.,,Bellevue,79,98004
182,3711 Rollingwood Dr,,Bellevue,79,98004
183,6118 Grasswood Circle,,Bellevue,79,98004
184,5678 Clear Court,,Bellevue,79,98004
185,2681 Eagle Peak,,Bellevue,79,98004
186,332 Laguna Niguel,,Bellevue,79,98004
187,7808 Brown St.,,Bellevue,79,98004
188,6774 Bonanza,,Bellevue,79,98004
189,3708 Montana,,Bellevue,79,98004
190,9435 Breck Court,,Bellevue,79,98004
191,6951 Harmony Way,,Sammamish,79,98074
192,6871 Thornwood Dr.,,Sammamish,79,98074
193,9104 Mt. Sequoia Ct.,,Sammamish,79,98074
194,2095 Sierra Drive,,Sammamish,79,98074
195,4444 Pepper Way,,Sammamish,79,98074
196,4525 Benedict Ct.,,Sammamish,79,98074
197,7820 Bird Drive,,Sammamish,79,98074
198,1962 Ferndale Lane,,Sammamish,79,98074
199,5263 Etcheverry Dr,,Sammamish,79,98074
200,2473 Orchard Way,,Sammamish,79,98074
201,6202 Seeno St.,,Sammamish,79,98074
202,4096 San Remo,,Sammamish,79,98074
203,7086 O St.,,Sammamish,79,98074
204,4310 Kenston Dr.,,Sammamish,79,98074
205,7939 Bayview Court,,Sammamish,79,98074
206,6097 Mt. McKinley Ct.,,Redmond,79,98052
207,3066 Wallace Dr.,,Redmond,79,98052
208,9006 Woodside Way,,Redmond,79,98052
209,9906 Oak Grove Road,,Redmond,79,98052
210,2383 Pepper Drive,,Redmond,79,98052
211,6369 Ellis Street,,Redmond,79,98052
212,8000 Crane Court,,Redmond,79,98052
213,9322 Driving Drive,,Redmond,79,98052
214,3768 Door Way,,Redmond,79,98052
215,101 Candy Rd.,,Redmond,79,98052
216,2427 Notre Dame Ave.,,Redmond,79,98052
217,1960 Via Catanzaro,,Redmond,79,98052
218,9863 Ridge Place,,Redmond,79,98052
219,3397 Rancho View Drive,,Redmond,79,98052
220,4909 Poco Lane,,Redmond,79,98052
221,7297 RisingView,,Redmond,79,98052
222,7723 Firestone Drive,,Redmond,79,98052
223,1275 West Street,,Redmond,79,98052
224,2137 Birchwood Dr,,Redmond,79,98052
225,249 Alexander Pl.,,Redmond,79,98052
226,2482 Buckingham Dr.,,Redmond,79,98052
227,8467 Clifford Court,,Redmond,79,98052
228,9241 St George Dr.,,Everett,79,98201
229,3928 San Francisco,,Everett,79,98201
230,475 Santa Maria,,Everett,79,98201
231,181 Gaining Drive,,Everett,79,98201
232,3385 Crestview Drive,,Everett,79,98201
233,1185 Dallas Drive,,Everett,79,98201
234,7883 Missing Canyon Court,,Everett,79,98201
235,5452 Corte Gilberto,,Everett,79,98201
236,9008 Creekside Drive,,Everett,79,98201
237,5242 Marvelle Ln.,,Everett,79,98201
238,4098 Woodcrest Dr.,,Everett,79,98201
239,8624 Pepper Way,,Everett,79,98201
240,2176 Apollo Way,,Everett,79,98201
241,1962 Cotton Ct.,,Everett,79,98201
242,1362 Somerset Place,,Everett,79,98201
243,3238 Laguna Circle,,Everett,79,98201
244,3665 Oak Creek Ct.,,Everett,79,98201
245,7640 First Ave.,,Everett,79,98201
246,6629 Polson Circle,,Everett,79,98201
247,2294 West 39th St.,,Everett,79,98201
248,1400 Gate Drive,,Newport Hills,79,98006
249,4350 Minute Dr.,,Newport Hills,79,98006
250,9297 Kenston Dr.,,Newport Hills,79,98006
251,8967 Hamilton Ave.,,Newport Hills,79,98006
252,9687 Shakespeare Drive,,Newport Hills,79,98006
253,1397 Paradise Ct.,,Newport Hills,79,98006
254,3030 Blackburn Ct.,,Newport Hills,79,98006
255,7469 Paradise Ct.,,Newport Hills,79,98006
256,9605 Pheasant Circle,,Gold Bar,79,98251
257,2425 Notre Dame Ave,,Gold Bar,79,98251
258,8036 Summit View Dr.,,Gold Bar,79,98251
259,213 Stonewood Drive,,Gold Bar,79,98251
260,3884 Beauty Street,# 14,Gold Bar,79,98251
261,1748 Bird Drive,,Index,79,98256
262,310 Winter Lane,,Index,79,98256
263,3514 Sunshine,,Index,79,98256
264,1245 Clay Road,,Index,79,98256
265,3127 El Camino Drive,,Index,79,98256
266,7691 Benedict Ct.,# 141,Issaquah,79,98027
267,1144 Paradise Ct.,,Issaquah,79,98027
268,7435 Ricardo,,Issaquah,79,98027
269,9530 Vine Lane,,Issaquah,79,98027
270,6580 Poor Ridge Court,,Issaquah,79,98027
271,5979 El Pueblo,,Issaquah,79,98027
272,1921 Ranch Road,,Issaquah,79,98027
273,3848 East 39th Street,,Issaquah,79,98027
274,5256 Chickpea Ct.,,Issaquah,79,98027
275,989 Crown Ct,,Issaquah,79,98027
276,3333 Madhatter Circle,,Issaquah,79,98027
277,342 San Simeon,,Issaquah,79,98027
278,9314 Icicle Way,,Issaquah,79,98027
279,7772 Golden Meadow,,Issaquah,79,98027
280,8585 Los Gatos Ct.,,Issaquah,79,98027
281,7985 Center Street,,Renton,79,98055
282,5980 Icicle Circle,Unit H,Renton,79,98055
283,1378 String Dr,,Renton,79,98055
284,9495 Limewood Place,,Renton,79,98055
285,2598 Breck Court,,Renton,79,98055
286,5670 Bel Air Dr.,,Renton,79,98055
287,7165 Brock Lane,,Renton,79,98055
288,2736 Scramble Rd,,Renton,79,98055
289,2266 Greenwood Circle,,Renton,79,98055
290,5297 Algiers Drive,,Renton,79,98055
291,9533 Working Drive,,Renton,79,98055
292,1803 Olive Hill,,Renton,79,98055
293,7559 Worth Ct.,,Renton,79,98055
294,3770 Viewpoint Ct,,Renton,79,98055
295,6510 Hacienda Drive,,Renton,79,98055
296,6937 E. 42nd Street,,Renton,79,98055
297,7943 Walnut Ave,,Renton,79,98055
298,2176 Brown Street,,Renton,79,98055
299,4312 Cambridge Drive,,Renton,79,98055
300,5009 Orange Street,,Renton,79,98055
301,4405 Balboa Court,,Santa Cruz,9,95062
302,7995 Edwards Ave.,,Lynnwood,79,98036
303,4659 Montoya,,Altadena,9,91001
304,1667 Warren Street,,West Covina,9,91791
305,7179 Montana,,Torrance,9,90505
306,9 Guadalupe Dr.,,Burbank,9,91502
307,50 Big Canyon Road,,Lebanon,58,97355
308,65 Park Glen Court,,Port Orchard,79,98366
309,28 San Marino Ct.,,Bellingham,79,98225
310,2472 Alexander Place,,West Covina,23,83301
311,9830 May Way,,Mill Valley,40,59715
312,1286 Cincerto Circle,,Lake Oswego,58,97034
313,2141 Delaware Ct.,,Downey,72,37501
314,218 Fall Creek Road,,West Covina,9,91791
315,5807 Churchill Dr.,,Corvallis,58,97330
316,6061 St. Paul Way,,Everett,40,98201
317,628 Muir Road,,Los Angeles,9,90012
318,2313 B Southampton Rd,,Missoula,40,59801
319,137 Lancelot Dr,,Phoenix,6,85004
320,3 Gehringer Drive,,Daly City,9,94015
321,15 Pear Dr.,,Newport Beach,9,92625
322,1 Mt. Dell Drive,,Portland,58,97205
323,7651 Smiling Tree Court,Space 55,Los Angeles,9,90012
324,50 Via Del Sol,,Lynnwood,79,98036
325,9491 Toyon Dr,,Dallas,73,75201
326,4151 Olivera,,Atlanta,17,30308
327,3 Chablis Court,,Torrance,9,90505
328,2 Lion Circle,,Long Beach,9,90802
329,9056 Mount Dr,,Chicago,24,60610
330,67 Monetary Way,,Berkeley,9,94704
331,419 River Ash Court,#9,Lakewood,37,63301
332,4823 Stonewood Ct.,,Walla Walla,79,99362
333,50 Edward Ave,,Concord,9,94519
334,8157 Tweed Lane,,Anacortes,79,98221
335,8547 Catherine Way,,Tacoma,79,98403
336,8892 Columbia River Ct.,,Santa Cruz,9,95062
337,2909 Toyon Dr.,,Burlingame,9,94010
338,8127 Otter Dr.,,Boise,23,83702
339,7053 Laurel Dr.,,La Mesa,48,88044
340,8629 Pepper Place,,Bellevue,79,98004
341,8981 Carmel Drive,,W. Linn,52,89701
342,8513 Hurlstone Ct.,,Altadena,9,91001
343,50 Breck Court,,Bremerton,79,98312
344,2342 Peachwillow,,Denver,10,80203
345,6441 Co Road,,Lemon Grove,6,85252
346,2596 Big Canyon Road,,New York,54,10007
347,87 Pheasant Circle,,Oakland,9,94611
348,3664 Colt Ct.,,Richmond,9,94801
349,3294 Buena Vista,,Lemon Grove,6,85284
350,6959 Lakewood Court,,Daly City,9,94015
351,1192 Parkway Drive,,Mill Valley,44,68601
352,3195 RiverRock Dr.,,Burlingame,9,94010
353,9620 Laurel Drive,,Novato,82,82070
354,5 Madrid,,Concord,9,94519
355,102 Silverado Drive,,W. Linn,58,97068
356,75 Q St.,,Chula Vista,9,91910
357,683 Larch Ct.,,Salt Lake City,74,84101
358,20 Rambling Rose Ave.,# 103,West Covina,9,91791
359,6119 11th,,Salt Lake City,74,84101
360,8844 Garcia,,West Covina,9,91791
361,32 East 87th Street,,Long Beach,9,90802
362,31 Bridgeview St,,Glendale,9,91203
363,1874 Valley Blvd.,,Palo Alto,9,94303
364,3253 La Jolla,,Salem,58,97301
365,6030 Winter Drive,# 4d,Imperial Beach,9,91932
366,1619 Mills Dr.,,Albany,58,97321
367,978 Mozden Lane,,San Francisco,9,94109
368,298 Sunnybrook Drive,,Spring Valley,9,91977
369,9151 Napa C.,,Lebanon,58,97355
370,24 Bohon Circle,,Burlingame,9,94010
371,7 B Way,,Woodburn,58,97071
372,7 Mayda Way,,Bremerton,79,98312
373,60 Oakgrove Rd.,,Lebanon,58,97355
374,594 Tossing Way,,Detroit,35,48226
375,7562 Daylight Place,,Everett,79,98201
376,9098 Story Lane,,Albany,54,12210
377,8 Rogers Ave.,,Everett,79,98201
378,90 Trujillo,,Sedro Woolley,79,98284
379,68 Filling Ave.,,Beaverton,58,97005
380,3427 C Del Rio Ln,,Anacortes,79,98221
381,7682 Fern Leaf Lane,,Boston,30,02113
382,6360 Sand Pointe Lane,,Coronado,9,92118
383,20 Smiling Tree Court,,Burbank,9,91502
384,35 Buckthorn Court,# 1,Kirkland,79,98033
385,207 Concerto Circle,,Salem,58,97301
386,5514 Grant Street,,Ballard,79,98107
387,50 Kim Court,,Coronado,9,92118
388,2834 Clifford Court,#9,Anacortes,79,98221
389,80 Edward Ave,,Burien,79,98168
390,8671 Westwood Lane,,Palo Alto,9,94303
391,2014 Delta Road,,Burien,79,98168
392,87 S. Rising Ave,,Lynnwood,79,98036
393,9443 Oaxaca,,Lakewood,9,90712
394,581 Roundtree Place,,Spokane,79,99202
395,3681 South St.,,St. Louis,37,63103
396,6 Dancing Road,,Burien,79,98168
397,90 Sunny Ave,,Berkeley,9,94704
398,81 Ana Mile,,Spokane,79,99202
399,3459 Tri-state Ave,,Issaquah,79,98027
400,40 Panorama Drive,,Glendale,9,91203
401,8197 Hermosa,,Salem,58,97301
402,7786 Olive St,,Olympia,79,98501
403,8040 Erie Dr,6 Monteira,Houston,73,77003
404,7824 Frame Ln,,Philadelphia,59,19107
405,25 Epping Road,,Lavender Bay,50,2060
406,Ctrcrt Bus Pk/995-27 Paul St N,,Lavender Bay,50,2060
407,2-252 Beauchamp Road,Botany Bay Industrial Estate,Cloverdale,66,6105
408,65 Epping Rd,,Lavender Bay,50,2060
409,99 - 6 Orion Road,,Lane Cove,50,1597
410,2565-175 Mitchell Road,,Alexandria,50,2015
411,Chabbell Park,,North Ryde,50,2113
412,2520b Underwood Street,,Lavender Bay,50,2060
413,65 Epping Road,,North Ryde,50,2113
414,5525 Glenferrie Road,,Hawthorne,64,4171
415,2253 Miller Street,,North Sydney,50,2055
416,Level 100,77 Southbank Boulevard,South Melbourne,77,3205
417,Rosebery,,Lavender Bay,50,2060
418,Licensing Account,,Seaford,77,3198
419,Level 99,12 South 10th Avenue,Melbourne,77,3000
420,Ctrcrt Bus Pk/995-27 Paul St N,,North Ryde,50,2113
421,2501 Miller Street,,North Sydney,50,2055
422,6 Lord Street,,Matraville,50,2036
423,Level 6,538 Climbing Street,Matraville,50,2036
424,P.O. Box 990032,,Findon,66,5023
425,P O Box 72569,,East Brisbane,64,4169
426,2nd Floor,55 Lavender Street,Milsons Point,50,2061
427,258 Berry Street,,North Sydney,50,2055
428,85 Egerton Street,,Silverwater,50,2264
429,Po Box 25484,,Springwood,50,2777
430,Orwith Center,39 Herbert Street,St. Leonards,50,2065
431,Level 7,114 Albert Road,Rhodes,50,2138
432,254a James Street Botany,,Malabar,50,2036
433,Level 25,96 Lytton Rd.,Melbourne,77,3000
434,Level 25,538 Climbing Street,Rhodes,50,2138
435,2253-217 Palmer Street,,Darlinghurst,50,2010
436,4250 Concord Road,,Rhodes,50,2138
437,Level 992,56 Pitt Street,Melbourne,77,3000
438,Level 7,201 Sussex Street,Matraville,50,2036
439,Level 5,157 Liverpool Street,Rhodes,50,2138
440,No. 6,Millenium Court,Perth,66,6006
441,Level 59,,Alexandria,50,2015
442,45671 Queens Road Ct.,,Melbourne,77,3000
443,Level 7,80 Arthur Street,Newcastle,50,2300
444,254a Baker Street,Botany,Sydney,50,1002
445,6388 Lake City Way,,Burnaby,7,V5A 3A6
446,52560 Free Street,,Toronto,57,M4B 1V7
447,22580 Free Street,,Toronto,57,M4B 1V7
448,2575 Bloor Street East,,Toronto,57,M4B 1V6
449,Station E,,Chalk Riber,57,K0J 1J0
450,575 Rue St Amable,,Quebec,63,G1R
451,2512-4th Ave Sw,,Calgary,1,T2P 2G8
452,55 Lakeshore Blvd East,,Toronto,57,M4B 1V6
453,6333 Cote Vertu,,Montreal,63,H1Y 2H7
454,3255 Front Street West,,Toronto,57,M4B 1V6
455,2550 Signet Drive,,Weston,57,M9V 4W3
456,6777 Kingsway,,Burnaby,7,V5H 3Z7
457,5250-505 Burning St,,Vancouver,7,V7L 4J4
458,600 Slater Street,,Ottawa,57,K4B 1S2
459,25575 The Queensway,,Etobicoke,57,M9W 3P3
460,2521 McPherson Street,,Markham,57,L3S 3K2
461,2560 Bay Street,,Toronto,57,M4B 1V7
462,630 University Avenue,,Toronto,57,M4B 1V7
463,992 St Clair Ave East,,Toronto,57,M4B 1V7
464,"99, Rue Saint-pierre",,Pnot-Rouge,63,J1E 2T7
465,25245 Rue Sherbrooke Ouest,,Montreal,63,H1Y 2H5
466,655-4th Ave S.W.,,Calgary,1,T2P 2G8
467,25900-700-9th Ave S.W.,,Calgary,1,T2P 2G8
468,Po Box 83270,,Vancouver,7,V7L 4J4
469,400-25155 West Pender St,,Vancouver,7,V7L 4J4
470,2511 Baker Road,,Toronto,57,M4B 1V7
471,770 Notre Datme Quest Bureau 800,,Montreal,63,H1Y 2H7
472,250551 Shellbridge Way,,Richmond,7,V6B 3P7
473,595 Burning Street,,Vancouver,7,V7L 4J4
474,252345 8810th Avenue,,Surrey,7,V3T 4W3
475,2512-410th Avenue S.W.,,Calgary,1,T2P 2G8
476,258 King Street East,,Toronto,57,M4B 1V7
477,6th Floor Ferguson Block,,Toronto,57,M4B 1V7
478,2545 King Street West,,Toronto,57,M4B 1V7
479,2550 Middlefield Road,,Scarborough,57,M1V 4M2
480,25 First Canadian Place,,Toronto,57,M4B 1V5
481,65 Gamelin Street,,Hull,63,8Y
482,2500 University Avenue,,Toronto,57,M4B 1V5
483,955 Green Valley Crescent,,Ottawa,57,K4B 1S1
484,2510 Crew Court,,Montreal,63,H1Y 2H8
485,"9900-6400 Boul, Taschereau",,Brossard,63,J4Z 1R4
486,600 Boul. Rene-levesque Ouest,,Montreal,63,H1Y 2H7
487,9259 - 1110th Avenue Sw,,Calgary,1,T2P 2G8
488,45259 Canada Way,,Burnaby,7,V5G 4S4
489,9960 King Street E.,,Toronto,57,M4B 1V5
490,9979 Bayview Drive,,Barrie,57,L4N
491,20225 Lansing Ave,,Montreal,63,H1Y 2H7
492,"99954 Boul. Laurier, Local 060, Place",,Sainte-Foy,63,G1W
493,6th Floor 5250 Main Street,,Winnipeg,31,R3
494,Box 99354 300 Union Street,,Saint John,41,E2P 1E3
495,Suite 800 2530 Slater Street,,Ottawa,57,K4B 1T7
496,Suite 500 995 W. 11th Avenue,,Mississauga,57,L5A 1H6
497,#9900 2700 Production Way,,Burnaby,7,V5A 4X1
498,25537 Hillside Avenue,,Victoria,7,V8V
499,Suite 2502 410 Albert Street,,Waterloo,57,N2V
500,5700 Explorer Drive,,Mississauga,57,L4W 5J3
501,965 De La Gauchetiere West,,Montreal,63,H1Y 2H8
502,No. 25400 10665 Jasper Avenue,,Edmonton,1,T5
503,P.O. Box 44000,,Winnipeg,31,R3
504,Suite 99320 255 - 510th Avenue S.W.,,Calgary,1,T2P 2G8
505,"6400, 888 - 3rd Avenue",,Calgary,1,T2P 2G8
506,255117 - 101 Avenue,,Surrey,7,V3T 4W3
507,975 Princess Street,,Kingston,57,7L
508,2900 - 25055 Dunning Street,,Vancouver,7,V7L 4J4
509,Suite 25800 3401 - 10810th Avenue,,Surrey,7,V3T 4W3
510,750 Philip Street,,Waterloo,57,N2V
511,"Bureau 9900 825, Avenue Querbes",,Outremont,63,H1Y 2G5
512,700 Bureau Road,,Montreal,63,H1Y 2H7
513,"253711 Mayfield Place, Unit 150",,Richmond,7,V6B 3P7
514,63 West Beaver Creek,,Richmond Hill,57,L4E 3M5
515,9900 Ronson Drive,,Etobicoke,57,M9W 3P3
516,251 Indell Lane,,Brampton,57,L6W 2T7
517,2573 Dufferin Street,,Toronto,57,M4B 1V5
518,995 Crescent,,Richmond Hill,57,L4E 3M5
519,2500-622 5th Ave Sw,,Calgary,1,T2P 2G8
520,6700 Boul Taschereau,,Brossard,63,J4Z 1C5
521,55 Standish Court,,Mississauga,57,L5B 3V4
522,"43251 Viking Way, Unit 130",,Richmond,7,V6B 3P7
523,46990 Viking Way,,Richmond,7,V6B 3P7
524,9693 Louis H Lafontaine,,Ville De'anjou,63,J1G 2R3
525,69251 Creditview Road,,Mississauga,57,L5B 3V4
526,251420a 170th Street,,Edmonton,1,T5
527,252851 Rowan Place,,Richmond,7,V6B 3P7
528,5990 Avebury Road,,Mississauga,57,L5B 3V4
529,254480 River Rd,,Richmond,7,V6B 3P7
530,Suite #9902,,North York,57,M4C 4K6
531,"5th Floor, 79 Place D'armes",,Kingston,57,7L
532,#500-75 O'Connor Street,,Ottawa,57,K4B 1S2
533,4400 March Road,,Kanata,57,K2L 1H5
534,Depot 80,,Sillery,63,G1T
535,250 Kingsbridge Garden Circle,,Mississauga,57,L5B 3V4
536,No. 2000-25080 Beaver Hall Hill,,Quebec,63,G1R
537,No. 25800-130 King Street West,,Toronto,57,M4B 1V5
538,25 Danger Street West,Floor 7,Toronto,57,M4B 1V5
539,"6th Floor, 25st Canadian Place",,Toronto,57,M4B 1V5
540,254 Colonnade Road,,Nepean,57,K2J 2W5
541,25981 College Street,,Montreal,63,H1Y 2H5
542,5 place Ville-Marie,,Montreal,63,H1Y 2H7
543,6030 Conroy Road,,Ottawa,57,K4B 1S3
544,"30025 Wayburne Drive, Suite 275",,Burnaby,7,V5G 4W1
545,999 West Georgia St.,,Vancouver,57,V5T 1Y9
546,"250333 Southport Road, S.W.",,Calgary,1,T2P 2G8
547,7000 Victoria Park Avenue,,Toronto,57,M4B 1V4
548,63 Free St.,,Toronto,57,M4B 1V4
549,609 Evans Avenue,,Toronto,57,M4B 1V4
550,2520 Flanders Road,,Toronto,57,M4B 1V4
551,"32605 West 252 Mile Road, Suite 250",,Aurora,57,L4G 7N6
552,"25730, boul. St-Régis",,Dorval,63,H9P 1H1
553,"253131 Lake Frasier Drive, Office No. 2",,Calgary,1,T2P 2G8
554,9984 Wellington Street,,Ottawa,57,K4B 1S2
555,"9950 Ferrand Drive, 9th Floor",,Toronto,57,M4B 1V4
556,990th Floor 700 De La GauchetiSre Ou,,Montreal,63,H1Y 2H3
557,"660 Saint-Jacques, Bureau 400",,Montreal,63,H1Y 2H8
558,"67255 - 8th Street N.E., Suite 350",,Calgary,1,T2P 2G8
559,12345 Sterling Avenue,,Irving,73,75061
560,800 Interchange Blvd.,Suite 2501,Austin,73,78701
561,90025 Sterling St,,Irving,73,75061
562,2505 Gateway Drive,,North Sioux City,68,57049
563,74400 France Avenue South,,Edina,36,55436
564,509 Nafta Boulevard,,Laredo,73,78040
565,25149 Howard Dr,,West Chicago,24,60185
566,63 W Monroe,,Chicago,24,60610
567,Corporate Office,,Garland,73,75040
568,25269 N. Wood Dale Rd,,Wood Dale,24,60191
569,Sapp Road West,,Round Rock,73,78664
570,52500 Liberty Way,,Fort Worth,73,76102
571,25550 Executive Dr,,Elgin,24,60120
572,P.O. Box 6256916,,Dallas,73,75201
573,25269 Wood Dale Rd.,,Wood Dale,24,60191
574,Po Box 8259024,,Dallas,73,75201
575,42500 W 76th St,,Chicago,24,60610
576,4255 East Lies Road,,Carol Stream,24,60188
577,2500 North Stemmons Freeway,,Dallas,73,75201
578,220 Mercy Drive,,Garland,73,75040
579,25 N State St,,Chicago,24,60610
580,2509 W. Frankford,,Carrollton,73,75006
581,Po Box 8035996,,Dallas,73,75201
582,5700 Legacy Dr,,Plano,73,75074
583,625 W Jackson Blvd. Unit 2502,,Chicago,24,60610
584,250880 Baur Blvd,,Saint Louis,37,63103
585,Noah Lane,,Chicago,24,60610
586,6030 Robinson Road,,Jefferson City,37,65101
587,25500 Old Spanish Trail,,Houston,73,77003
588,"99828 Routh Street, Suite 825",,Dallas,73,75201
589,"One Dancing, Rr No. 25",Box 8033,Round Rock,73,78664
590,9995 West Central Entrance,,Duluth,36,55802
591,48255 I-10 E. @ Eastpoint Blvd.,,Baytown,73,77520
592,9903 Highway 6 South,,Houston,73,77003
593,2345 North Freeway,,Houston,73,77003
594,123 W. Lake Ave.,,Peoria,24,61606
595,660 Lindbergh,,Saint Louis,37,63103
596,72540 Blanco Rd.,,San Antonio,73,78204
597,99450 Highway 59 North,,Humble,73,77338
598,455 256th St.,,Moline,24,61265
599,70 N.W. Plaza,,Saint Ann,37,63074
600,25095 W. Florissant,,Ferguson,37,63135
601,6996 South Lindbergh,,Saint Louis,37,63103
602,6425 Nw Loop 410,,San Antonio,73,78204
603,9500b E. Central Texas Expressway,,Killeen,73,76541
604,1200 First Ave.,,Joliet,24,60433
605,7760 N. Pan Am Expwy,,San Antonio,73,78204
606,99433 S. Greenbay Rd.,,Racine,80,53182
607,25220 Airline Road,,Corpus Christi,73,78404
608,25306 Harvey Rd.,,College Station,73,77840
609,3900 S. 997th St.,,Milwaukee,80,53202
610,44025 W. Empire,,Denby,68,57716
611,23025 S.W. Military Rd.,,San Antonio,73,78204
612,Ring Plaza,,Norridge,24,60706
613,Lakeline Mall,,Cedar Park,73,78613
614,Town East Center,,Mesquite,73,75149
615,Fountains On The Lake,,Stafford,73,77477
616,Southwest Outlet,,Hillsboro,73,76645
617,Johnson Creek,,Johnson Creek,80,53038
618,Blue Ridge Mall,,Kansas City,37,64106
619,First Colony Mall,,Sugar Land,73,77478
620,Horizon Outlet,,Woodbury,36,55125
621,Tanger Factory,,Branch,36,55056
622,Management Mall,,San Antonio,73,78204
623,Ohms Road,,Houston,73,77003
624,Factory Merchants,,Branson,37,65616
625,Cedar Creek Stores,,Mosinee,80,54455
626,Lone Star Factory,,La Marque,73,77568
627,Sports Stores @ Tuscola,,Tuscola,24,61953
628,City Center,,Minneapolis,36,55402
629,St. Louis Marketplace,,Saint Louis,37,63103
630,Lincoln Square,,Arlington,73,76010
631,Kansas City Factory Outlet,,Odessa,37,64076
632,Fiesta Trail Shopping Center,,San Antonio,73,78204
633,Medford Outlet Center,,Medford,36,55049
634,Ward Parkway Center,,Kansas City,37,64106
635,"93-2501, Blackfriars Road,",,London,14,SE1 8HL
636,"Science Park South, Birchwood",Stanford House,Warrington,14,WA3 7BH
637,"Phoenix Way, Cirencester",,Gloucestershire,14,GL7 1RY
638,255 Irving Street,,London,14,C2H 7AU
639,"Garamonde Drive, Wymbush",PO Box 4023,Milton Keynes,14,MK8 8ZD
640,251 The Metro Center,,Wokingham,14,RG41 1QW
641,Bradford,,W. York,14,BD1 4SJ
642,Galashiels,,Liverpool,14,L4 4HB
643,Banbury,,Oxon,14,OX16 8RS
644,Bradford,"Raven House, Kingsgate",W. York,14,BD1 4SJ
645,"Garamonde Drive, Wymbush",P.O. Box 803,Milton Keynes,14,MK8 8ZD
646,"Butterfield Hse, 7-251 Chapel St",,Lancaster,14,LA1 1LN
647,Wade Road,,Basingstoke Hants,14,RG24 8PL
648,"586 Fulham Road,",,London,14,SW6 SBY
649,Knaves Beech Ind.,,High Wycombe,14,HP10 9QY
650,"Elmhurst Road, Goring",,Reading,14,RG7 5H7
651,"New Millhouse, 2583 Milton Park",,Abingdon,14,OX14 4SE
652,Wymbush,,Milton Keynes,14,MK8 8DF
653,Burgess Hill,Edward Way,West Sussex,14,RH15 9UD
654,308-3250 Casting Road,,York,14,Y024 1GF
655,Wharfdale Road,,Berkshire,14,RG11 5TP
656,7 Pioneer Business Park,,York,14,Y03 4TN
657,Unit 99a Battery Retail Pk,,Birmingham,14,B29 6SL
658,Ellesfield Ave,,Bracknell,14,RG12 8TB
659,Warrington Ldc Unit 25/2,,Woolston,14,WA1 4SY
660,"6 The Farm, Liberty Road",,Maidenhead,14,SL67RJ
661,725a The Arches,,Berks,14,SL4 1RH
662,Paramount House,,London,14,W1N 9FA
663,2524 Barlby Road,,London,14,W10 6BL
664,99-3 Forest Works,,London,14,E17 6JF
665,46-44 Albemarle Street,,London,14,W1X3SE
666,399 Clearing Green,,London,14,EC1R 0DU
667,997b Tradescant Road,,London,14,SW8 1XD
668,2574 Milton Park,,Oxford,14,OX14 4SE
669,"Internet House, 3399 Science Park",,Cambridge,14,CB4 4BZ
670,"7 Garden House Cloisters, 8 Batters",,London,14,SW8 4BG
671,"25 Hartfield Road, Wimbledon",,London,14,SW19 3RU
672,"99 Dean Street, Soho",,London,14,W1V 5RN
673,"Park House-4th Floor, 2516 Park St.",,London,14,W1Y 3RA
674,"67 Vincent Square, Victoria",,London,14,SW1P 2NU
675,"7033, rue de Longchamp",,Les Ulis,177,91940
676,"21105, rue de Varenne",,Paris,161,75013
677,"69, boulevard Tremblay",,Roncq,145,59223
678,"12, rue des Grands Champs",,Verrieres Le Buisson,177,91370
679,"121, rue de Varenne",,Courbevoie,178,92400
680,"22, rue du Départ",,Pantin,179,93500
681,"6, rue des Pyrenees",,Saint Ouen,127,41100
682,"5, place de la Concorde",,Colombes,178,92700
683,"36, avenue de la Gare",,Paris,161,75019
684,"26, rue Saint Denis",,Orleans,131,45000
685,"68081, place du Tertre",,Colomiers,117,31770
686,"98, rue de Terre Neuve",,Lieusaint,163,77127
687,"21801, rue Léo Delibes",,Colombes,178,92700
688,"2111, rue de Linois",,Orly,180,94310
689,"39, route de Marseille",,Paris,161,75016
690,"57, rue des Vendangeurs",,Roissy en Brie,163,77680
691,"98, rue Montcalm",,Paris,161,75019
692,"3387, rue Marbeuf",,Bobigny,179,93000
693,"39, avenue des Laurentides",,Paris La Defense,178,92081
694,"3101, avenue de Malakoff",,Paris,161,75003
695,"61, rue Henri Gagnon",,Les Ulis,177,91940
696,"9005, rue des Bouchers",,Paris,161,75005
697,"18, rue de l´Esplanade",,Aujan Mournede,118,32300
698,"7551, avenue Foch",,Paris,161,75010
699,"22, rue Lafayette",,Pantin,179,93500
700,"215, avenue Reille",,Les Ulis,177,91940
701,"54, avenue des Ternes",,Saint Ouen,127,41100
702,"510, avenue de Villiers",,Orleans,131,45000
703,"30, avenue de l´ Union Centrale",,Les Ulis,177,91940
704,"33, rue Georges-Clémenceau",,Cergy,181,95000
705,"699bis, rue des Peupliers",,Paris,161,75008
706,"3639, rue des Grands Champs",,Boulogne-sur-Mer,148,62200
707,"3833, boulevard Beau Marchais",,Paris,161,75009
708,"1, place de la République",,Paris,161,75017
709,"12, rue Lafayette",,Morangis,177,91420
710,"88, avenue de l´ Union Centrale",,Paris,161,75012
711,"3383, rue Lamarck",,Paris,161,75007
712,"28, avenue des Champs-Elysées",,Croix,145,59170
713,"21, avenue de la Gare",,Sèvres,178,92310
714,"62, route de Marseille",,Suresnes,178,92150
715,Karl Liebknecht str 299,,Frankfurt am Main,70,60075
716,Roßstr 2248,,Stuttgart,70,70511
717,Bundesallee 9571,Rechnungsstelle - C 035,Berlin,85,14197
718,Auf Der Steige 29,,Muehlheim,20,63151
719,Hellweg 4934,,Essen,20,45001
720,Kurfürstenstr 9,,Duesseldorf,19,40605
721,Postfach 11 09 00,,Berlin,19,14111
722,Haberstr 29,,Bonn,20,53131
723,Auf der Krone 53,,Bonn,53,53131
724,Winterfeldtstr 5557,Kreditorenbuchhaltung,Münster,70,48001
725,Alte Landstr 776,,München,20,80074
726,Kurfürstenstr 574,,München,19,80074
727,Königsteiner Straße 9,,Bad Soden,19,65800
728,Werftstr 4400,,Sulzbach Taunus,70,66272
729,Hans-Rosenthal-Platz 4223,,Grevenbroich,8,41485
730,Nonnendamm 63,,Berlin,53,14197
731,Berliner Platz 45,,Offenbach,70,63009
732,Brunnenstr 422,,Frankfurt am Main,20,60082
733,Rotthäuser Weg 511,,Stuttgart,70,70511
734,Am Karlshof 8200,,Hamburg,19,22001
735,Holzstr 6444,,Salzgitter,19,38231
736,Am Grossen Dern 982,,Hamburg,20,20354
737,Conesweg 49,,Kiel,70,24044
738,Krönerweg 9249,,Hannover,53,30601
739,Auf Der Steige 1000,,Berlin,20,14111
740,Wallstr 244,,Saarbrücken,70,66001
741,Roßstr 9938,Verkaufsabteilung,Eilenburg,85,04838
742,Pappelallee 19,,Dresden,19,01071
743,Karl Liebknecht str 399,Leiter der Abteilung,Berlin,19,14111
744,Brunnenstr 9511,,Berlin,70,14197
745,Knaackstr 7,,Paderborn,20,33041
746,Alderstr 1849,,Braunschweig,53,38001
747,Kurfürstenstr 74,,Poing,70,66041
748,Königsteiner Straße 449,,Leipzig,53,04139
749,Buergermeister-ulrich-str 3000,Buchhaltung,Augsburg,8,86150
750,Postfach 55 00 00,,Frankfurt,8,91480
751,Helsenbergbogen 6,,Ascheim,20,86171
752,Buergermeister-ulrich-str 9500,,Augsburg,20,86171
753,Erftplatz 22,,Sulzbach Taunus,70,66272
754,Viktoria-Luise-Platz 475,,München,53,80074
755,9920 Picketts Line Road,,Newport News,75,23607
756,855 East Main Avenue,,Zeeland,35,49464
757,2532 Fairgrounds Road,,West Kingston,65,02892
758,6900 William Richardson Ct.,,South Bend,25,46601
759,99 Edgewater Drive,,Norwood,30,02062
760,Attn: Accounts Payable,44 Main Place,Melville,54,11747
761,225 Hyde Rd,,Farmington,11,06032
762,6 Cotton Road,,Nashua,46,03064
763,5998 E Lorain,,Oberlin,55,44074
764,Corporate Ofc A/p,123 Fourth Ave,Chantilly,75,20151
765,58 Teed Drive,,Randolph,30,02368
766,63 Badgers Island West,,Kittery,33,03904
767,9963 Tresser Blvd.,,Stamford,11,06901
768,P.O. Box 9005,,Endicott,54,13760
769,Saltonstall Parkway,,East Haven,11,06512
770,123 Union Square South,,New York,54,10007
771,42522 Northrupp,,Fort Wayne,25,46807
772,675 East Ave.,,Warwick,65,02889
773,77993 Mentor Ave.,,Mentor,55,44060
774,9920 North Telegraph Rd.,,Pontiac,35,48342
775,46460 West Oaks Drive,,Novi,35,48375
776,997000 Telegraph Rd.,,Southfield,35,48034
777,25850 Post Road,,Westport,11,06880
778,9975 Union St.,,Waterbury,11,06710
779,7505 Commercial Dr.,,New Hartford,54,13413
780,89950 Castleton Corner,,Indianapolis,25,46204
781,99200 Dixwell Ave.,,Hamden,11,06518
782,630 Oldgate Lane,,Milford,11,06460
783,25264 E. 260th,,Euclid,55,44119
784,225200 Miles Ave.,,North Randall,55,44128
785,399700 John R. Rd.,,Madison Heights,35,48071
786,6789 Warren Road,,Westland,35,48185
787,42500 South Franklin Street,,Michigan City,25,46360
788,2533 Eureka Rd.,,Southgate,35,48195
789,250000 Eight Mile Road,,Detroit,35,48226
790,6405 Erie Blvd. Hills Plaza,,De Witt,54,13214
791,Great Northern Mall Hwy4 & Rt. 31,,Clay,54,13041
792,250 E. County Line Rd.,,Indianapolis,25,46204
793,6225 Glenway Ave.,,Cincinnati,55,45202
794,998 Forest Road,,Saginaw,35,48601
795,99800 Tittabawasee Rd.,,Saginaw,35,48601
796,25192 Princeton Rd.,,Springdale,55,45246
797,678 Eastman Ave.,,Midland,35,48640
798,New Castle Plaza,,New Castle,25,47362
799,Woodbury Commons,,Central Valley,54,10917
800,Indiana Factory Shops,,Daleville,25,47334
801,Horizon Outlet Center,,Holland,35,49423
802,Washington Square Ii,,Indianapolis,25,46204
803,Regency Hilltop Shopping Cntr,,Virginia Beach,75,23451
804,Ames Plaza,,Saugus,30,01906
805,The Corner Shopping Center,,Falls Church,75,22046
806,Horizon Outlet Center,,Monroe,35,98272
807,Leesburg Premium Outlet Centre,,Leesburg,75,20176
808,Tree Plaza,,Braintree,30,02184
809,Granite State Marketplace,,Hooksett,46,03106
810,Redford Plaza,,Redford,35,48239
811,Walnut Hill Plaza,,Woonsocket,65,02895
812,Consumer Square,,Cheektowaga,54,14227
813,Adirondack Factory Outlet,,Lake George,54,12845
814,Buckeye Factory Shops,,Burbank,55,44214
815,Wrentham Village,,Wrentham,30,02093
816,Lake Region Factory Outlet,,Tilton,46,03276
817,Cherry Grove Plaza,,Cincinnati,55,45202
818,Johnny Appleseed Shop.center,,Mansfield,55,44903
819,Spring Meadows Place,,Holland,55,43528
820,Westside Plaza,,Nashua,46,03064
821,Stateline Plaza,,Plaistow,46,03865
822,Pyramid Mall,,Ithaca,54,14850
823,Logansport Mall,,Logansport,25,46947
824,Dansk Square,,Kittery,33,03904
825,Port Huron,,Port Huron,35,48060
826,Kensington Valley Shops,,Howell,35,48843
827,Polaris Town Center,,Columbus,55,43215
828,Green Acres Mall,,Valley Stream,54,11580
829,Connecticut Post Mall,,Milford,11,06460
830,Indian Mound Mall,,Heath,55,43056
831,Amity Plaza,,New Haven,11,06510
832,2251 Elliot Avenue,,Seattle,79,98104
833,3207 S Grady Way,,Renton,79,98055
834,99300 223rd Southeast,,Bothell,79,98011
835,259826 Russell Rd. South,,Kent,79,98031
836,35525-9th Street Sw,,Puyallup,79,98371
837,640 South 994th St. W.,,Billings,40,59101
838,25300 Biddle Road,,Medford,58,97504
839,Gateway,,Portland,58,97205
840,Great Northwestern,,North Bend,79,98045
841,Washington Square,,Portland,58,97205
842,258101 Nw Evergreen Parkway,,Beaverton,58,97005
843,253950 N.E. 178th Place,,Woodinville,79,98072
844,755 Nw Grandstand,,Issaquah,79,98027
845,22571 South 2500 East,,Idaho Falls,23,83402
846,257700 Ne 76th Street,,Redmond,79,98052
847,25102 Springwater,,Wenatchee,79,98801
848,Bldg. 9n/99298,,Redmond,79,98052
849,4251 First Avenue,,Seattle,79,98104
850,558 S 6th St,,Klamath Falls,58,97601
851,994 Sw Cherry Park Rd,,Troutdale,58,97060
852,25718 Se Sunnyside Rd,,Clackamas,58,97015-6403
853,567 Sw Mcloughlin Blvd,,Milwaukie,58,97222
854,490 Ne 4th St,,Renton,79,98055
855,15 East Main,,Port Orchard,79,98366
856,3025 E Waterway Blvd,,Shelton,79,98584
857,7990 Ocean Beach Hwy.,,Longview,79,98632
858,2345 West Spencer Road,,Lynnwood,79,98036
859,1050 Oak Street,,Seattle,79,98104
860,4927 S Meridian Ave Ste D,,Puyallup,79,98371
861,25915 140th Ave Ne,,Bellevue,79,98004
862,3307 Evergreen Blvd,Ste 1071,Washougal,79,98671
863,2507 Pacific Ave S,,Tacoma,79,98403
864,67 Rainer Ave S,,Renton,79,98055
865,750 Lakeway Dr,,Bellingham,79,98225
866,2528 Meridian E,,Puyallup,79,98371
867,48995 Evergreen Wy.,,Everett,79,98201
868,25111 228th St Sw,,Bothell,79,98011
869,2583 Se 272nd St,,Kent,79,98031
870,409 S. Main Ste. 25,,Ellensburg,79,98926
871,2502 Evergreen Ste E,,Everett,79,98201
872,755 W Washington Ave Ste D,,Sequim,79,98382
873,44606 N Division St,,Spokane,79,99202
874,2550 Ne Sandy Blvd,,Portland,58,97205
875,2540 Dell Range Blvd,,Cheyenne,82,82001
876,765 Delridge Way Sw,,Seattle,79,98104
877,4781 Highway 95,,Sandpoint,23,83864
878,4210 E Sprague Ave,,Spokane,79,99202
879,Valley Mall,,Union Gap,79,98903
880,S Sound Ctr Suite 25300,,Lacey,79,98503
881,Southgate Mall,,Missoula,40,59801
882,Medford,,Medford,58,97504
883,Heritage Mall,,Albany,58,97321
884,Lewis County Mall,,Chehalis,79,98532
885,755 Columbia Ctr Blvd,,Kennewick,79,99337
886,Lancaster Mall,,Salem,58,97301
887,Lewiston Mall,,Lewiston,23,83501
888,Three Rivers Mall,,Kelso,79,98626
889,Eastridge Mall,,Casper,82,82601
890,Holiday Village Mall,,Great Falls,40,59401
891,2526a Tri-Lake Blvd Ne,,Kirkland,79,98033
892,Frontier Mall,,Cheyenne,82,82001
893,White Mountain Mall,,Rock Springs,82,82901
894,3390 South 23rd St.,,Tacoma,79,98403
895,3250 South Meridian,,Puyallup,79,98371
896,2255 254th Avenue Se,,Albany,58,97321
897,705 SE Mall Parkway,,Everett,79,98201
898,700 Se Sunnyside Road,,Clackamas,58,97015
899,North 93270 Newport Highway,,Spokane,79,99202
900,25708 Dell Range Blvd.,,Cheyenne,82,82001
901,No. 60 Bellis Fair Parkway,,Bellingham,79,98225
902,950 Gateway Street,,Springfield,58,97477
903,250775 SW Hillsdale Hwy,,Beaverton,58,97005
904,9905 Three Rivers Drive,,Kelso,79,98626
905,225 South 314th Street,,Federal Way,79,98003
906,7009 Sw Hall Blvd.,,Tigard,58,97223
907,99295 S.e. Tualatin Valley_hwy.,,Hillsboro,58,97123
908,79945 Corporate Center Drive,,Miami,15,33127
909,3333 Micro Drive,,Millington,72,38054
910,1 Corporate Center Drive,,Miami,15,33127
911,100 Fifth Drive,,Millington,72,38054
912,2525 Electrics Blvd.,,Huntsville,3,35801
913,2550 High Street,,La Vergne,72,37086
914,Po Box 08050,,Nashville,72,37203
915,Po Box 2257,,Greensboro,42,27412
916,One Equinox Way,,Sunrise,15,33322
917,2561 Nw 8410th Avenue,,Miami,15,33127
918,8525 Nw 17th St.,,Miami,15,33127
919,9876 Fruitville Rd,,Sarasota,15,34236
920,42500 West Park Drive,,Atlanta,17,30308
921,6055 Shawnee Industrial Way,,Suwanee,17,30024
922,Tom Morris,,Millington,72,38054
923,C/O Arrow Electronics,,Memphis,72,38103
924,Park North Business Center,,Clarkston,17,30021
925,23456 Calumet St,,Clearwater,15,33755
926,"6555 Quince Road, Suite 2025",,Memphis,72,38103
927,2025 Greenwood Ct,,Mcdonough,17,30253
928,83995 South Dixie Highway,,Miami,15,33127
929,39950 Airport Blvd.,,Mobile,3,36602
930,3990 Silas Creek Parkway,,Winston-Salem,42,27104
931,956k North Wesleyan Blvd.,,Rocky Mount,42,27803
932,656 Cox Creek Pkwy.,,Florence,3,35630
933,25050 S. Columbia Ave,,Campbellsville,27,42718
934,2545 N.W. 107th Ave.,,Miami,15,33127
935,8789 S.W. 2517 Ave.,,Kendall,15,33143
936,825 Coral Way,,Miami,15,33127
937,650 E Altamonte Dr,,Altamonte Springs,15,32701
938,25631 Florida Mall Ave.,,Orlando,15,32804
939,770 South Point Dr,,Memphis,72,38103
940,7725 Luddington Lane,,Birmingham,3,35203
941,790 Shelbyville Road,,Saint Matthews,27,40207
942,4496 Barnes Crossing Rd.,,Tupelo,39,38804
943,78025 E. Mercy Island Cswy,,Merritt Island,15,32952
944,574 Atlanta Highway,,Montgomery,3,36104
945,5230a Hwy. 2553,,Hixson,72,37343
946,25800 Gallitin Rd.,,Nashville,72,37203
947,830 Highway 499 So,,Mcdonough,17,30253
948,99842 White Mill East,,Decatur,17,30030
949,Turfway Retail Center,,Florence,27,41042
950,25 Myrtle Beach,,Myrtle Beach,67,29577
951,Parkway City Mall,,Huntsville,3,35801
952,Factory Stores Of America,,Crossville,72,38555
953,Fort Henry Mall,,Kingsport,72,37660
954,Carolina Factory Shops,,Gaffney,67,29340
955,Edgewater Mall,,Biloxi,39,39530
956,Highland Lakes Shopping Ctr.,,Orlando,15,32804
957,Grand Central Place,,Somerset,27,42501
958,Silver Sands Factory Outlet,,Destin,15,32541
959,West Georgia Commons,,La Grange,17,30240
960,Peachtree Mall,,Columbus,17,31901
961,University Plaza,,Tampa,15,33602
962,Flagler Park Plaza,,Miami,15,33127
963,Market Square Shopping Center,,Lakeland,15,33801
964,Fsa Outlet Center,,Nashville,72,37203
965,Newport Shopping Center,,Newport,27,41071
966,Factory Stores Of America,,Smithfield,42,27577
967,Peach Festival Outlet,,Byron,17,31008
968,Belz Factory Outlet,,Orlando,15,32804
969,Horizon Outlet Center,,Vero Beach,15,32960
970,Hilton Head Factory Outlets No. 25,,Bluffton,67,29910
971,Bay Area Outlet Mall,,Clearwater,15,33755
972,Gulfport Factory Shops,,Gulfport,39,39501
973,Belz Factory Outlet,,Pigeon Forge,72,37863
974,Savannah Festival Outlet,,Savannah,17,31401
975,Mall Of Memphis,,Memphis,72,38103
976,Foothills Mall,,Maryville,72,37801
977,"Dadeland Mall, Space 25090",,Miami,15,33127
978,DeSouth Square,,Bradenton,15,34205
979,32525 Hollywood Blvd.,,Hollywood,15,33021
980,7700 Green Road,,Raleigh,42,27603
981,20500 S.W. 2512th Ave,,Miami,15,33127
982,9935 Robert C Daniel Jr Parkway,,Augusta,17,30901
983,99535 Dallas Highway,,Marietta,17,30060
984,254075 Biscayne Blvd.,,North Miami Beach,15,33162
985,42525 Austell Road,,Austell,17,30106
986,6333 Cloverleaf Parkway,,Kannapolis,42,28081
987,8520 University City Blvd,,Charlotte,42,28202
988,482505 Warm Springs Blvd.,,Fremont,9,94536
989,39933 Mission Oaks Blvd,,Camarillo,9,93010
990,5420 West 22500 South,,Salt Lake City,74,84101
991,60025 Bollinger Canyon Road,,San Ramon,9,94583
992,9992 Whipple Rd,,Union City,9,94587
993,Corporate Office,,El Segundo,9,90245
994,25001 Montague Expressway,,Milpitas,9,95035
995,4460 Newport Center Drive,,Newport Beach,9,92625
996,2575 West 2700 South,,Salt Lake City,74,84101
997,70259 West Sunnyview Ave,,Visalia,9,93291
998,60750 San Clemente,,Hayward,9,94541
999,Receiving,,Fullerton,9,92831
1000,22555 Paseo De Las Americas,,San Diego,9,92102
